ID,LAST NAME,FIRST NAME,JOINED,SOLO,LICENSE,50 HOURS,INSTRUMENT,ADVANCED,MULTIENGINE
S00304,Wilson,Zachary,2015-01-07,2015-03-24,,,,,
S00308,Bates,Ashley,2015-01-09,2015-04-14,,,,,
S00309,Jones,Tammy,2015-01-10,2015-03-30,,,,,
S00311,Wheeler,Michael,2015-01-14,2015-04-08,,,,,
S00313,Kelley,Julie,2015-01-14,2015-03-02,,,,,
S00314,Barrett,Tammy,2015-01-18,2015-06-13,,,,,
S00315,Murray,Donald,2015-01-20,2015-08-29,,,,,
S00319,Holland,Tiffany,2015-01-25,2015-03-09,,,,,
S00321,Coleman,Judith,2015-01-28,2015-07-05,,,,,
S00324,Moreno,Harold,2015-01-29,2015-04-11,,,,,
S00326,Aguilar,Jacob,2015-01-31,2015-03-27,,,,,
S00328,Pearson,Ethan,2015-02-10,2015-03-30,,,,,
S00329,Carpenter,Martha,2015-02-10,2015-09-12,,,,,
S00331,Wilson,Ruth,2015-02-20,2016-02-14,,,,,
S00335,Campbell,Ronald,2015-02-21,2015-04-10,,,,,
S00336,Murphy,Deborah,2015-02-22,2015-08-16,,,,,
S00337,Reid,Ralph,2015-02-24,2015-05-07,,,,,
S00341,Torres,Harold,2015-02-24,2015-04-10,,,,,
S00342,Marshall,Emma,2015-02-24,2015-10-25,,,,,
S00343,Richards,Sean,2015-03-02,2015-11-07,,,,,
S00347,Dixon,Sean,2015-03-04,2015-06-02,,,,,
S00350,Dixon,Henry,2015-03-04,2015-05-28,2015-08-11,2015-12-22,2015-12-22,,
S00352,Munoz,Louis,2015-03-09,2015-08-01,,,,,
S00353,Pena,Christopher,2015-03-11,2015-04-29,2015-06-05,2015-09-08,,,
S00354,Morales,Roy,2015-03-15,2015-04-30,,,,,
S00358,Schultz,Louis,2015-03-15,2016-03-06,,,,,
S00362,Kim,Nathan,2015-03-16,2015-06-23,2015-08-11,2016-01-05,,,
S00365,Pearson,Jose,2015-03-19,2015-08-30,,,,,
S00366,Hayes,David,2015-03-21,2015-12-13,,,,,
S00369,Perez,Bruce,2015-03-24,2015-05-27,2015-08-11,2015-12-14,2015-12-28,,
S00370,Grant,Kathryn,2015-03-27,2015-06-17,,,,,
S00373,Pierce,Frances,2015-03-31,2016-03-05,,,,,
S00377,Olson,Christopher,2015-04-03,2015-10-03,,,,,
S00378,Harrison,Ann,2015-04-03,2015-07-16,2015-10-08,2016-02-15,2016-04-18,2016-05-31,
S00380,Murray,Daniel,2015-04-04,2015-11-15,,,,,
S00381,Simpson,Alan,2015-04-04,2015-06-24,2015-09-02,,,,
S00383,Brown,Rose,2015-04-05,2015-06-23,,,,,
S00386,Greene,Aaron,2015-04-07,2015-05-19,,,,,
S00388,Knight,Juan,2015-04-11,2015-07-16,,,,,
S00390,Morrison,Virginia,2015-04-14,2015-06-26,,,,,
S00392,Lane,Evelyn,2015-04-15,2015-12-26,,,,,
S00393,Sandoval,Craig,2015-04-15,2015-10-24,,,,,
S00397,Guerrero,Kyle,2015-04-17,2016-02-14,,,,,
S00400,Martinez,Teresa,2015-04-19,2015-08-22,,,,,
S00404,Delgado,Vincent,2015-04-21,2015-07-28,,,,,
S00406,Webb,Arthur,2015-04-22,2015-07-17,,,,,
S00410,Daniels,Jesse,2015-04-22,2015-07-07,,,,,
S00413,Warren,Dennis,2015-04-28,2015-08-19,,,,,
S00416,Valdez,Billy,2015-05-02,2015-09-13,,,,,
S00420,Nichols,Brian,2015-05-11,2015-08-26,,,,,
S00422,Dunn,Anthony,2015-05-13,2016-05-07,,,,,
S00424,Stone,Christopher,2015-05-14,2016-01-02,,,,,
S00428,Clark,Bobby,2015-05-15,2015-08-04,,,,,
S00431,Foster,Ryan,2015-05-16,2015-08-03,,,,,
S00432,Harper,Patricia,2015-05-17,2016-03-13,,,,,
S00434,Jenkins,Donna,2015-05-19,2015-08-04,,,,,
S00436,Thompson,Ashley,2015-05-20,2015-08-11,2015-10-19,2016-03-18,,2016-12-05,
S00439,Cook,Grace,2015-05-22,2016-03-12,,,,,
S00440,Greene,Matthew,2015-05-24,2015-12-19,,,,,
S00444,Walters,Paul,2015-05-27,2015-09-28,,,,,
S00445,Dean,Christian,2015-05-30,2015-08-11,2015-10-30,2016-03-07,2016-04-26,,
S00449,George,Diana,2015-06-01,2016-04-24,,,,,
S00451,Robertson,Ann,2015-06-03,2015-08-27,,,,,
S00453,Lawrence,Matthew,2015-06-07,2015-09-08,,,,,
S00456,Wells,Beverly,2015-06-14,2016-05-14,,,,,
S00458,Palmer,Shirley,2015-06-17,2015-08-27,2015-10-08,2016-01-13,2016-01-25,,
S00461,Garcia,Ronald,2015-06-18,2015-08-24,,,,,
S00465,Salazar,Andrew,2015-06-19,2015-12-05,,,,,
S00466,Bates,Mildred,2015-06-21,2015-07-23,,,,,
S00467,Hunt,Douglas,2015-06-26,2015-09-28,,,,,
S00470,Adams,Philip,2015-06-28,2016-06-04,,,,,
S00472,Coleman,Justin,2015-06-29,2016-03-27,,,,,
S00473,Harris,Randy,2015-06-29,2016-03-12,,,,,
S00475,Campbell,Randy,2015-07-09,2016-01-02,,,,,
S00476,Hunt,Nicholas,2015-07-09,2016-05-15,,,,,
S00478,Rice,Mark,2015-07-16,2016-05-08,,,,,
S00482,Johnson,Richard,2015-07-16,2015-10-22,,,,,
S00485,Mendoza,Douglas,2015-07-18,2016-01-23,,,,,
S00487,Oliver,Jean,2015-07-25,2016-07-23,,,,,
S00491,Barnes,Gregory,2015-07-29,2016-06-12,,,,,
S00493,Munoz,Kathleen,2015-08-10,2016-04-09,,,,,
S00494,Griffin,Dylan,2015-08-10,2015-10-27,,,,,
S00495,Guerrero,Nancy,2015-08-11,2016-02-28,,,,,
S00499,Mills,Johnny,2015-08-11,2016-02-07,,,,,
S00500,Chen,Edward,2015-08-18,2015-10-28,,,,,
S00503,Hayes,Theresa,2015-08-20,2016-08-14,,,,,
S00506,West,Justin,2015-08-20,2015-10-21,,,,,
S00508,Mitchell,Donald,2015-08-23,2015-10-27,,,,,
S00509,Walsh,Ethan,2015-08-30,2016-06-26,,,,,
S00510,Hansen,Jordan,2015-08-31,2016-02-06,,,,,
S00513,Hunter,Julie,2015-09-04,2015-11-02,,,,,
S00514,Alvarez,Jerry,2015-09-04,2015-12-01,,,,,
S00517,Evans,Denise,2015-09-04,2015-12-07,,,,,
S00519,Kennedy,Ronald,2015-09-07,2016-06-04,,,,,
S00520,Greene,Gregory,2015-09-08,2016-04-02,,,,,
S00522,Schneider,Heather,2015-09-12,2016-01-30,,,,,
S00524,Freeman,Aaron,2015-09-12,2015-12-18,,,,,
S00526,Grant,Jennifer,2015-09-17,2016-01-22,2016-04-15,2016-08-30,,,
S00529,Fox,Kelly,2015-09-18,2016-06-26,,,,,
S00533,Romero,Howard,2015-10-20,2016-06-26,,,,,
S00536,Reed,Doris,2015-10-23,2016-03-17,2016-06-08,2016-10-31,2016-11-09,2016-12-12,
S00540,Morgan,Austin,2015-10-26,2016-04-30,,,,,
S00542,Marshall,John,2015-10-31,2016-03-14,,,,,
S00545,Jimenez,Sean,2015-11-07,2015-12-24,,,,,
S00549,Long,Pamela,2015-11-11,2016-02-08,2016-03-20,2016-09-28,2016-11-09,,
S00553,Graham,Katherine,2015-11-11,2016-07-30,,,,,
S00554,Vasquez,Sharon,2015-11-14,2016-01-11,,,,,
S00556,Sullivan,Keith,2015-11-16,2016-02-23,,,,,
S00558,Ramos,Donald,2015-11-18,2016-01-06,,,,,
S00561,Pearson,Martha,2015-11-27,2017-02-19,,,,,
S00564,Jenkins,Alexander,2015-12-01,2016-04-25,2016-07-11,2017-05-10,2017-05-30,,
S00567,Sullivan,Bruce,2015-12-05,2016-03-08,,,,,
S00568,Patel,Craig,2015-12-06,2016-03-24,,,,,
S00570,Reynolds,Vincent,2015-12-07,2016-02-24,,,,,
S00574,Burke,Billy,2015-12-10,2016-02-19,2016-03-27,2016-06-27,2016-08-05,,
S00578,Jackson,Roy,2015-12-12,2016-03-02,,,,,
S00582,Wallace,Grace,2015-12-18,2016-04-25,2016-07-23,,,,
S00584,Taylor,Judith,2015-12-19,2016-11-26,,,,,
S00585,Peterson,Jack,2015-12-20,2016-02-23,,,,,
S00587,Ramirez,Jason,2015-12-26,2016-04-05,,,,,
S00590,Sanchez,Jose,2015-12-28,2016-03-30,,,,,
S00591,Little,Russell,2015-12-28,2016-04-05,2016-06-29,2016-11-29,,2017-07-24,
S00594,Barnett,Robert,2015-12-28,2016-05-23,,,,,
S00598,Hunt,Lauren,2015-12-31,2016-07-23,,,,,
S00602,Mills,Scott,2016-01-07,2016-04-11,,,,,
S00606,Davidson,Grace,2016-01-08,2016-05-31,,,,,
S00607,Stone,Shirley,2016-01-10,2016-03-29,,,,,
S00609,Murray,James,2016-01-12,2016-03-16,,,,,
S00611,Castillo,Ronald,2016-02-05,2016-12-03,,,,,
S00612,Dean,Jacob,2016-02-08,2016-10-22,,,,,
S00614,Cunningham,Ronald,2016-02-10,2016-05-18,,,,,
S00618,Wong,Angela,2016-02-15,2016-05-04,2016-07-10,,,,
S00621,Carter,Larry,2016-02-20,2017-05-13,,,,,
S00625,Hanson,Phillip,2016-02-22,2016-05-31,,,,,
S00627,Cox,Arthur,2016-02-26,2016-12-18,,,,,
S00629,Stanley,Jason,2016-02-29,2017-01-21,,,,,
S00633,Spencer,Tammy,2016-02-29,2016-08-13,,,,,
S00636,Nguyen,George,2016-02-29,2017-05-07,,,,,
S00640,Stephens,Megan,2016-03-01,2016-06-20,,,,,
S00644,Diaz,Emily,2016-03-02,2016-05-09,,,,,
S00648,Bates,Joyce,2016-03-14,2017-01-21,,,,,
S00650,McDonald,Matthew,2016-03-18,2016-05-04,,,,,
S00653,Jenkins,Maria,2016-03-18,2016-11-13,,,,,
S00655,James,Roger,2016-03-18,2016-07-05,,,,,
S00658,Sanchez,Roger,2016-03-22,2017-01-08,,,,,
S00660,Meyer,Harold,2016-03-23,2016-06-14,,,,,
S00661,Ryan,Timothy,2016-03-26,2016-07-13,,,,,
S00663,Davidson,Jack,2016-03-29,2017-05-13,,,,,
S00667,Fowler,Nicholas,2016-04-01,2016-08-01,,,,,
S00671,Sanchez,Brian,2016-04-02,2016-06-06,,,,,
S00673,Sandoval,Kenneth,2016-04-02,2016-07-26,,,,,
S00676,Campbell,Juan,2016-04-06,2016-06-21,,,,,
S00678,Marshall,Elizabeth,2016-04-08,2016-11-19,,,,,
S00681,Brown,Linda,2016-04-09,2016-10-22,,,,,
S00682,Curtis,Margaret,2016-04-12,2017-02-11,,,,,
S00683,Medina,Jordan,2016-04-17,2016-07-14,2016-10-04,2017-03-06,,,
S00687,Reid,Madison,2016-04-19,2017-03-19,,,,,
S00691,Castro,David,2016-04-19,2017-02-19,,,,,
S00695,Newman,Peter,2016-04-21,2016-07-18,,,,,
S00699,Richardson,Sean,2016-04-23,2016-06-28,,,,,
S00703,Obrien,Lori,2016-04-25,2016-06-28,,,,,
S00707,Barnes,Margaret,2016-04-25,2016-09-11,,,,,
S00710,Bennett,Carol,2016-04-25,2017-07-15,,,,,
S00712,Lawson,Carl,2016-05-01,2017-07-08,,,,,
S00713,Turner,Benjamin,2015-05-01,2015-07-15,,,,,
S00716,McCoy,Arthur,2016-05-03,2017-04-15,,,,,
S00717,Jimenez,Joseph,2016-05-06,2017-04-30,,,,,
S00718,Wade,Karen,2016-05-06,2017-05-28,,,,,
S00720,Davidson,John,2016-05-08,2017-02-19,,,,,
S00722,Gibson,Frank,2016-05-11,2016-10-08,,,,,
S00725,Grant,Michael,2016-05-14,2016-12-18,,,,,
S00729,Turner,Joseph,2016-05-16,2017-10-21,,,,,
S00730,Weber,Virginia,2016-05-18,2016-07-06,,,,,
S00731,Carlson,Michael,2016-05-19,2017-06-24,,,,,
S00734,Wright,Timothy,2016-05-21,2016-08-10,,,,,
S00737,Anderson,William,2016-05-21,2016-09-06,,,,,
S00741,Patel,Ruth,2016-05-24,2016-09-06,,,,,
S00742,Anderson,Nathan,2016-05-25,2016-08-16,2016-10-28,2017-03-07,2017-05-22,,
S00744,Parker,Grace,2016-05-28,2017-07-09,,,,,
S00745,Vasquez,Justin,2016-05-29,2016-09-19,,,,,
S00748,Harris,Brittany,2016-05-29,2016-07-14,,,,,
S00749,Mason,Richard,2016-05-31,2016-08-15,,,,,
S00750,Barrett,Phillip,2016-06-08,2017-02-18,,,,,
S00753,Collins,Raymond,2016-06-20,2017-09-09,,,,,
S00756,Wade,Diane,2016-06-21,2017-04-01,,,,,
S00758,Vargas,Harold,2016-06-22,2016-10-24,,,,,
S00761,Bennett,Jonathan,2016-06-23,2016-09-07,,,,,
S00762,Ray,Marilyn,2016-06-23,2017-10-08,,,,,
S00766,Powell,Russell,2016-06-25,2017-10-08,,,,,
S00768,Moore,Carolyn,2016-06-27,2017-05-28,,,,,
S00769,Webb,Carl,2016-07-04,2017-06-04,,,,,
S00772,Hill,Sarah,2016-07-05,2018-06-10,,,,,
S00774,Cooper,Randy,2016-07-07,2016-09-20,,,,,
S00777,Smith,Robert,2016-07-08,2017-04-22,,,,,
S00780,Evans,Megan,2016-07-11,2017-09-02,,,,,
S00784,Silva,Zachary,2016-07-14,2016-09-13,,,,,
S00786,Wells,Nicole,2016-07-17,2017-06-18,,,,,
S00787,Martin,Carol,2016-07-22,2016-09-06,,,,,
S00789,Freeman,Vincent,2016-07-24,2016-10-25,2017-02-09,2017-07-18,2017-08-03,2017-08-28,
S00793,Little,Robert,2016-07-26,2016-10-17,,,,,
S00795,Mills,Alan,2016-07-28,2016-10-04,,,,,
S00799,Clark,Justin,2016-07-30,2016-10-18,,,,,
S00803,Wagner,Pamela,2016-08-02,2017-01-20,,,,,
S00804,Richardson,Emma,2016-08-02,2016-09-20,,,,,
S00807,Morgan,Jerry,2016-08-04,2016-11-04,2017-01-13,,,,
S00810,Hayes,Tammy,2016-08-08,2016-12-06,,,,,
S00811,Fox,Craig,2016-08-09,2018-05-06,,,,,
S00812,Larson,Zachary,2016-08-17,2016-12-05,2017-03-17,2017-08-14,,,
S00814,Carter,Carl,2016-08-22,2018-03-24,,,,,
S00815,Walters,Joe,2016-08-24,2016-12-06,,,,,
S00816,Davis,Phillip,2016-08-28,2017-07-01,,,,,
S00818,Keller,Benjamin,2016-08-29,2019-06-08,,,,,
S00822,Stephens,Jordan,2016-08-29,2016-12-05,,,,,
S00824,Hunter,Arthur,2016-09-05,2016-11-18,,,,,
S00825,Tran,Kyle,2016-09-12,2016-12-20,,,,,
S00827,Hughes,Donald,2016-09-13,2017-01-27,2017-05-21,2017-10-17,,,
S00829,Woods,Christian,2016-09-15,2017-12-30,,,,,
S00832,Allen,William,2016-09-19,2016-11-17,,,,,
S00833,Daniels,Bruce,2016-09-21,2018-09-29,,,,,
S00836,Cook,Carl,2016-09-23,2017-12-02,,,,,
S00840,Ford,Emily,2016-09-25,2017-09-03,,,,,
S00841,Griffin,James,2016-09-30,2017-12-30,,,,,
S00842,James,Adam,2016-10-03,2017-03-09,,,,,
S00843,Harris,Roger,2016-10-04,2016-12-30,,,,,
S00845,Taylor,Jose,2016-10-05,2016-11-26,,,,,
S00847,Young,Sharon,2016-10-07,2016-12-26,2017-02-21,2017-06-28,2017-07-11,,
S00850,Mitchell,Patrick,2016-10-09,2017-03-03,,,,,
S00852,Green,Philip,2016-10-09,2017-04-28,,,,,
S00856,Wagner,Peter,2016-10-10,2016-12-05,,,,,
S00858,Weaver,Charles,2016-10-10,2016-12-08,,,,,
S00861,Flores,Douglas,2016-10-18,2017-11-19,,,,,
S00865,Riley,Joseph,2016-10-22,2017-02-24,,,,,
S00868,Cruz,Angela,2016-10-23,2017-06-11,,,,,
S00871,Bradley,David,2016-10-25,2017-01-25,,,,,
S00873,Martin,Ronald,2016-10-27,2018-02-03,,,,,
S00874,Richardson,Bobby,2016-10-29,2017-05-09,,,,,
S00877,Wagner,Zachary,2016-11-01,2019-11-10,,,,,
S00879,Howard,Roger,2016-11-01,2017-02-15,,,,,
S00880,Powell,Jacob,2016-11-03,2017-02-21,2017-06-27,2017-11-06,2017-11-09,,
S00882,Torres,Nicole,2016-11-03,2017-02-21,,,,,
S00883,Vargas,Lisa,2016-11-04,2017-01-09,,,,,
S00885,Williamson,William,2016-11-04,2017-05-01,2017-06-15,,,,
S00887,Anderson,Dylan,2016-11-07,2018-01-28,,,,,
S00891,Hoffman,Daniel,2016-11-09,2017-06-24,,,,,
S00895,Howard,Jose,2016-11-13,2017-04-03,,,,,
S00898,Montgomery,William,2016-11-16,2017-05-11,,,,,
S00901,Matthews,Michael,2016-11-16,,,,,,
S00904,Stephens,Juan,2016-11-16,2019-05-25,,,,,
S00905,Oliver,Peter,2016-11-17,2017-07-01,,,,,
S00908,Collins,Joyce,2016-11-18,2017-10-08,,,,,
S00911,Willis,Joseph,2016-11-19,2017-09-02,,,,,
S00912,Welch,Ralph,2016-11-19,2017-01-31,,,,,
S00914,Wallace,Joe,2016-11-27,2018-05-05,,,,,
S00918,Soto,Julie,2016-11-29,2017-04-25,,,,,
S00919,Fernandez,Heather,2016-12-02,2017-05-10,2017-08-22,2018-01-10,,,
S00922,Schneider,Ryan,2016-12-03,2017-05-01,,,,,
S00926,Cook,Pamela,2016-12-06,2017-03-30,,,,,
S00930,Hill,Edward,2016-12-09,2017-03-08,,,,,
S00934,Burton,Lawrence,2016-12-13,2018-02-03,,,,,
S00935,Schultz,Michelle,2016-12-14,2018-02-10,,,,,
S00939,Howard,Henry,2016-12-15,2017-05-10,2017-08-07,2017-11-13,2017-12-28,,
S00941,Woods,Paul,2016-12-16,2017-09-24,,,,,
S00943,Sims,Kathleen,2016-12-20,2017-11-18,,,,,
S00947,Collins,Carl,2016-12-23,2017-05-01,,,,,
S00951,Gardner,Tyler,2016-12-24,2017-09-17,,,,,
S00952,Carroll,Michael,2016-12-24,2019-08-25,,,,,
S00956,Walker,Austin,2016-12-26,2019-10-06,,,,,
S00959,Mitchell,Diane,2016-12-30,2017-05-01,,,,,
S00961,Martinez,Jeremy,2016-12-31,2017-06-21,,,,,
S00963,Phillips,Anna,2017-01-02,2019-02-02,,,,,
S00964,Mitchell,Nathan,2017-01-03,2018-03-24,,,,,
S00966,Thompson,William,2017-01-06,2019-11-10,,,,,
S00967,McDonald,Alan,2017-01-07,2018-01-07,,,,,
S00971,Ramirez,Philip,2017-01-08,2017-06-09,,,,,
S00974,Duncan,Louis,2017-01-10,2017-07-11,,,,,
S00978,Kelly,Dennis,2017-01-18,2017-06-08,,,,,
S00980,Holland,Denise,2017-01-19,2017-07-10,2017-10-20,2018-03-13,2018-04-17,,
S00982,Rose,Lauren,2017-01-21,2019-06-15,,,,,
S00985,Rodriguez,Juan,2017-01-21,2017-09-10,,,,,
S00989,Henry,Kyle,2017-01-24,2017-06-26,,,,,
S00990,Graham,Eugene,2017-01-26,2017-06-20,2017-08-29,2018-01-15,,,
S00994,Nelson,Jose,2017-01-27,2017-05-18,,,,,
S00998,Robinson,Jack,2017-01-27,2017-04-18,,,,,
S01000,Perkins,Justin,2017-01-29,2017-03-23,,,,,
S01003,Munoz,Amy,2017-02-01,2017-07-05,,,,,
S01004,Coleman,Gerald,2017-02-02,2017-06-16,,,,,
S01006,Woods,Gary,2017-02-03,2018-04-08,,,,,
S01008,Lynch,Debra,2017-02-06,2017-05-09,,,,,
S01011,Grant,Vincent,2017-02-12,2018-09-15,,,,,
S01013,Gutierrez,Philip,2017-02-14,2017-04-04,,,,,
S01017,Montgomery,Robert,2017-02-17,2018-02-03,,,,,
S01018,Patterson,Megan,2017-02-17,2017-06-20,,,,,
S01022,Gray,Scott,2017-02-19,2017-05-26,,,,,
S01023,Rodriguez,Donald,2017-02-20,2017-07-20,,,,,
S01027,Ruiz,Rose,2017-02-23,2018-07-14,,,,,
S01031,Carlson,Robert,2017-02-24,2017-10-07,,,,,
S01032,Duncan,Ethan,2017-02-25,2017-12-02,,,,,
S01034,Stone,Tyler,2017-02-26,2017-11-05,,,,,
S01035,Myers,Carl,2017-03-10,2018-06-17,,,,,
S01038,Perry,Samuel,2017-03-16,2017-07-27,,,,,
S01041,Hunter,Jerry,2017-03-24,2017-06-01,2017-08-16,,,,
S01042,Santos,Billy,2017-03-28,2017-06-01,,,,,
S01044,Riley,Ronald,2017-03-28,2018-04-28,,,,,
S01045,Douglas,Bobby,2017-03-28,2017-08-09,,,,,
S01047,Fields,Benjamin,2017-03-31,2018-01-07,,,,,
S01051,Garza,Diane,2017-04-06,2017-07-31,2017-11-24,2018-04-11,2018-04-16,,
S01054,Foster,Donald,2017-04-08,2018-03-11,,,,,
S01057,Ward,Dennis,2017-04-09,2017-07-24,,,,,
S01059,Peters,Rebecca,2017-04-09,2017-10-21,,,,,
S01063,Reed,Donald,2017-04-10,2018-03-25,,,,,
S01064,Rodriguez,Timothy,2017-04-11,2017-08-15,2017-10-10,2018-03-01,2018-05-15,,
S01067,Black,Christian,2017-04-13,2017-06-06,,,,,
S01069,Snyder,Elizabeth,2017-04-13,2017-07-20,,,,,
S01071,Lawson,Dorothy,2017-04-14,2018-01-20,,,,,
S01072,Cruz,Robert,2017-04-29,2017-11-11,,,,,
S01073,Long,Gary,2017-05-01,2018-12-09,,,,,
S01075,George,Vincent,2017-05-03,2018-02-03,,,,,
S01079,Garcia,Kenneth,2017-05-05,,,,,,
S01082,Cole,Philip,2017-05-08,2017-07-26,,,,,
S01083,Sullivan,Benjamin,2017-05-08,2017-06-28,,,,,
S01086,Webb,John,2017-05-09,2017-08-01,,,,,
S01088,Campbell,Charles,2017-05-09,2017-09-06,,,,,
S01090,James,Willie,2017-05-15,2018-11-17,,,,,
S01094,Tran,Julie,2017-05-15,2019-09-08,,,,,
S01097,Clark,Kathy,2017-05-17,2017-07-21,,,,,
S01099,Banks,Tyler,2017-05-22,2017-09-12,,,,,
S01103,Lawson,Robert,2017-05-25,2017-11-25,,,,,
S01107,Patterson,Jonathan,2017-05-26,2019-02-23,,,,,
S01110,Russell,Juan,2017-05-29,2019-06-23,,,,,
S01111,Oliver,Bruce,2017-05-30,2018-11-11,,,,,
S01113,Castro,Martha,2017-06-01,2017-07-27,,,,,
S01117,Williams,Kenneth,2017-06-08,2017-08-03,,,,,
S01121,Stone,Timothy,2017-06-10,2019-05-25,,,,,
S01124,Rose,Eric,2017-06-15,2017-09-26,,,,,
S01128,Contreras,Teresa,2017-06-22,2017-08-22,,,,,
S01130,Wallace,Charles,2017-06-24,2018-06-16,,,,,
S01133,Williamson,Ronald,2017-06-28,2017-09-27,,,,,
S01136,Ellis,Steven,2017-07-03,2017-10-13,2018-01-26,2018-06-06,2018-08-13,,
S01139,Bell,Joe,2017-07-08,2019-11-09,,,,,
S01141,Gonzalez,Robert,2017-07-10,2017-10-25,,,,,
S01145,Morris,Keith,2017-07-16,2017-09-22,,,,,
S01148,Hall,Maria,2017-07-19,2018-03-10,,,,,
S01152,Sandoval,Raymond,2017-07-22,2017-10-31,,,,,
S01155,Holland,Stephanie,2017-07-22,,,,,,
S01158,Chavez,Gloria,2017-08-03,2017-10-14,2017-11-29,2018-04-10,2018-06-26,,
S01161,Young,Brandon,2017-08-08,2017-11-20,,,,,
S01162,Butler,Justin,2017-08-10,2018-03-04,,,,,
S01163,Anderson,Steven,2017-08-21,2017-10-12,,,,,
S01167,Owens,Alice,2017-08-22,2017-12-13,,,,,
S01168,Kennedy,Melissa,2017-08-24,,,,,,
S01172,Walters,Raymond,2017-08-29,2019-03-24,,,,,
S01175,Mendoza,Carolyn,2017-08-29,2018-09-15,,,,,
S01176,Andrews,Kimberly,2017-08-31,2017-12-12,,,,,
S01177,Carroll,George,2017-09-03,2018-10-14,,,,,
S01180,Gonzalez,Jane,2017-09-03,2017-11-15,,,,,
S01183,Butler,Amber,2017-09-03,,,,,,
S01184,Perez,Denise,2017-09-05,2019-01-12,,,,,
S01188,Jackson,Nicholas,2017-09-07,2017-11-27,,,,,
S01191,Chapman,Anthony,2017-09-09,2017-12-18,,,,,
S01194,Lopez,Kevin,2017-09-09,2017-11-13,,,,,
S01196,Warren,Bobby,2017-09-14,2018-06-30,,,,,
S01198,Hill,Douglas,2017-09-15,,,,,,
S01199,Mitchell,Frances,2017-09-15,,,,,,
S01201,Stewart,Justin,2017-09-17,2018-11-03,,,,,
S01203,Watkins,Benjamin,2017-09-18,2017-12-07,,,,,
S01204,Dunn,William,2017-09-19,2017-12-14,,,,,
S01206,Black,Jeremy,2017-09-23,2017-12-05,,,,,
S01209,Alvarado,Harry,2017-09-27,2018-01-09,,,,,
S01213,Oliver,Steven,2017-09-28,2019-05-11,,,,,
S01254,Barnett,Wayne,2018-01-03,,,,,,
S01255,Estrada,Michelle,2018-01-04,,,,,,
S01256,Kelly,Maria,2018-01-05,2018-04-12,,,,,
S01258,Cook,Debra,2018-01-07,2018-05-11,,,,,
S01259,Fisher,Michelle,2018-01-07,2018-05-24,,,,,
S01260,Bishop,Jane,2018-01-11,2018-06-08,,,,,
S01261,Barnett,Jessica,2018-01-14,2018-04-30,,,,,
S01262,Morales,Marilyn,2018-01-14,,,,,,
S01265,Ramirez,Melissa,2018-01-14,2018-03-13,,,,,
S01269,Evans,Danielle,2018-01-15,2018-02-26,,,,,
S01270,Montgomery,Helen,2018-01-16,2018-03-15,,,,,
S01272,Jensen,Hannah,2018-01-18,2018-05-18,,,,,
S01275,Kelley,Margaret,2018-01-24,,,,,,
S01277,Simpson,Sara,2018-01-24,,,,,,
S01279,Ryan,Jose,2018-01-24,2018-05-29,,,,,
S01281,Alexander,Craig,2018-01-26,,,,,,
S01282,Johnston,Joyce,2018-01-29,2018-03-21,,,,,
S01284,Thompson,Tyler,2018-01-29,2018-05-15,,,,,
S01287,Butler,Joan,2018-01-29,2018-04-27,2018-06-05,2018-11-17,,,
S01289,Walters,Russell,2018-01-30,,,,,,
S01290,Clark,Virginia,2018-01-31,2018-04-23,,,,,
S01294,Nichols,Carolyn,2018-02-03,2018-07-11,,,,,
S01297,Williamson,Shirley,2018-02-04,,,,,,
S01300,Douglas,Crystal,2018-02-04,2018-05-16,2018-06-25,,,,
S01303,Elliott,Debra,2018-02-06,2019-06-02,,,,,
S01306,Hopkins,Doris,2018-02-07,2018-06-13,,,,,
S01308,Mendez,Maria,2018-02-08,2018-05-11,,,,,
S01311,Allen,Angela,2018-02-09,2018-05-28,,,,,
S01312,Rodriguez,Mary,2018-02-11,2019-03-16,,,,,
S01315,Gutierrez,Danielle,2018-02-14,2018-05-29,,,,,
S01316,Wright,Carol,2018-02-15,2019-05-05,,,,,
S01320,Webb,Sharon,2018-02-16,,,,,,
S01324,Shaw,Benjamin,2018-02-16,2018-07-09,,,,,
S01328,Rice,Ruth,2018-02-21,2018-06-19,,,,,
S01331,Sanchez,Diana,2018-02-21,2018-05-30,,,,,
S01334,Kim,Carolyn,2018-02-25,2018-06-11,,,,,
S01338,Olson,Bruce,2018-02-25,,,,,,
S01339,Pearson,Joseph,2018-03-01,2018-06-12,,,,,
S01340,Wells,Amber,2018-03-02,,,,,,
S01342,Patel,Matthew,2018-03-03,,,,,,
S01344,Sims,Danielle,2018-03-05,2018-05-23,2018-08-15,2019-01-10,2019-05-03,,
S01348,Chen,Jonathan,2018-03-06,,,,,,
S01352,Lawrence,Michael,2018-03-06,2019-04-06,,,,,
S01356,Duncan,Michelle,2018-03-09,2019-06-15,,,,,
S01359,Price,Megan,2018-03-09,2018-06-15,,,,,
S01360,Herrera,Michael,2018-03-10,,,,,,
S01361,Hunter,Carolyn,2018-03-13,2018-06-19,,,,,
S01365,Brown,Christopher,2018-03-13,,,,,,
S01367,Guerrero,Harry,2018-03-16,2019-07-07,,,,,
S01371,Schneider,Carol,2018-03-17,,,,,,
S01374,Fisher,Lauren,2018-03-17,2019-02-23,,,,,
S01376,Sanders,Randy,2018-03-18,2018-05-24,,,,,
S01377,Sullivan,Jennifer,2018-03-19,,,,,,
S01379,Hansen,Aaron,2018-03-19,2018-05-25,,,,,
S01381,Perkins,Beverly,2018-03-27,,,,,,
S01385,Black,Laura,2018-03-27,2018-08-24,,,,,
S01387,Richards,Johnny,2018-03-28,,,,,,
S01391,Willis,Melissa,2018-03-29,2018-07-24,,,,,
S01394,Bishop,Carol,2018-03-29,,,,,,
S01397,Alvarez,Gloria,2018-04-02,2018-07-06,,,,,
S01399,George,Tammy,2018-04-02,2018-06-20,,,,,
S01400,Little,Jacqueline,2018-04-02,2018-10-16,,,,,
S01402,Welch,Ruth,2018-04-02,,,,,,
S01406,Stewart,Gregory,2018-04-03,2018-08-17,,,,,
S01410,Gibson,Patrick,2018-04-04,2019-05-18,,,,,
S01411,Ford,Diane,2018-04-04,,,,,,
S01415,Fowler,Lisa,2018-04-07,2018-06-29,,,,,
S01418,Clark,Amy,2018-04-08,,,,,,
S01421,Warren,Sandra,2018-04-11,2018-08-30,,,,,
S01424,Schultz,Theresa,2018-04-13,2018-07-12,,,,,
S01427,Campbell,Pamela,2018-04-16,2018-10-10,,,,,
S01429,Jenkins,Howard,2018-04-16,2018-07-20,,,,,
S01433,Long,Jacob,2018-04-17,,,,,,
S01435,Jensen,Carol,2018-04-18,,,,,,
S01439,Ross,Madison,2018-04-20,,,,,,
S01443,Black,Judith,2018-04-21,,,,,,
S01445,Gonzales,Scott,2018-04-22,2019-08-04,,,,,
S01446,Wheeler,Ann,2018-04-22,,,,,,
S01447,Knight,Jean,2018-04-24,2019-07-28,,,,,
S01448,Mason,Beverly,2018-04-24,,,,,,
S01452,Castillo,Janice,2018-04-24,,,,,,
S01453,Stone,Janice,2018-04-24,,,,,,
S01457,Nelson,Teresa,2018-04-26,2018-12-18,,,,,
S01459,Olson,Juan,2018-04-27,2018-08-23,,,,,
S01462,Bell,Hannah,2018-04-27,,,,,,
S01466,Ramos,Harold,2018-04-28,2018-08-10,,,,,
S01468,Long,Jennifer,2018-04-28,2019-01-22,,,,,
S01472,Harrison,Amber,2018-04-29,,,,,,
S01476,Weaver,Brenda,2018-04-30,,,,,,
S01479,Robinson,Emma,2018-05-01,,,,,,
S01481,Lee,Dylan,2018-05-01,2019-06-23,,,,,
S01483,Bell,Larry,2018-05-02,2018-07-05,2018-08-15,,,,
S01484,James,Nathan,2018-05-04,,,,,,
S01486,Hawkins,Evelyn,2018-05-05,,,,,,
S01488,Patel,Frances,2018-05-05,,,,,,
S01491,Armstrong,Kenneth,2018-05-05,,,,,,
S01494,Hopkins,Lauren,2018-05-08,,,,,,
S01496,Cruz,Kathy,2018-05-09,2018-09-04,,,,,
S01500,Ramos,Doris,2018-05-11,2018-09-19,,,,,
S01501,Mendez,Kathy,2018-05-11,2018-10-18,2019-02-04,,,,
S01502,Newman,Juan,2018-05-14,2018-09-20,,,,,
S01506,Murphy,Keith,2018-05-14,,,,,,
S01510,Rios,Beverly,2018-05-14,,,,,,
S01514,Crawford,Doris,2018-05-18,2018-09-12,,,,,
S01515,Rivera,Marilyn,2018-05-18,2018-08-15,,,,,
S01519,Hart,Marilyn,2018-05-19,,,,,,
S01523,Peterson,Andrea,2018-05-19,2018-09-04,,,,,
S01526,Ward,Mildred,2018-05-22,,,,,,
S01529,Thompson,Megan,2018-05-26,,,,,,
S01532,Estrada,Bryan,2018-05-28,,,,,,
S01533,Soto,Juan,2018-06-03,2018-10-31,,,,,
S01535,Barnes,Nicole,2018-06-03,2019-07-07,,,,,
S01536,Garrett,Emma,2018-06-06,2018-07-31,,,,,
S01540,Barrett,Jeremy,2018-06-09,2018-12-05,,,,,
S01542,Edwards,Juan,2018-06-10,2019-02-22,,,,,
S01546,Henry,Theresa,2018-06-11,,,,,,
S01550,Sandoval,Nicole,2018-06-11,2018-09-05,,,,,
S01552,Torres,Nathan,2018-06-13,,,,,,
S01556,Spencer,Andrew,2018-06-13,,,,,,
S01557,Vargas,Stephanie,2018-06-14,2019-08-11,,,,,
S01561,Scott,Nancy,2018-06-16,,,,,,
S01562,Jimenez,Margaret,2018-06-18,2018-09-17,,,,,
S01563,Montgomery,Jessica,2018-06-18,2018-10-29,,,,,
S01567,Ross,Terry,2018-06-18,,,,,,
S01571,Olson,Pamela,2018-06-19,2018-09-07,,,,,
S01575,Lucas,Dorothy,2018-06-19,2018-08-22,,,,,
S01577,Aguilar,Tyler,2018-06-22,,,,,,
S01581,Contreras,Frances,2018-06-22,,,,,,
S01585,Brewer,Peter,2018-06-22,2018-12-17,,,,,
S01587,Freeman,Craig,2018-06-23,,,,,,
S01588,Walsh,Michael,2018-06-25,2019-09-22,,,,,
S01591,Rogers,Frances,2018-06-26,,,,,,
S01593,Sanders,Nancy,2018-06-28,2019-03-19,,,,,
S01594,Banks,Joshua,2018-06-28,2018-09-06,,,,,
S01597,Patterson,Heather,2018-07-01,2018-09-19,,,,,
S01600,Lawson,Kathryn,2018-07-02,2018-10-25,,,,,
S01601,Robinson,Terry,2018-07-04,,,,,,
S01602,Richards,Sara,2018-07-04,2018-11-05,2019-03-01,2019-10-14,2019-11-12,2019-12-12,
S01606,Rios,Timothy,2018-07-06,2018-10-09,,,,,
S01609,Harper,Jane,2018-07-07,2019-10-12,,,,,
S01611,McCoy,Aaron,2018-07-08,2018-11-02,,,,,
S01615,Webb,Robert,2018-07-09,,,,,,
S01616,Arnold,Mary,2018-07-12,2018-11-09,,,,,
S01619,Crawford,Mildred,2018-07-12,,,,,,
S01621,Spencer,Jennifer,2018-07-13,2018-11-26,,,,,
S01622,Morris,Gregory,2018-07-13,2018-11-21,,,,,
S01624,Wagner,Michael,2018-07-16,,,,,,
S01625,Lee,Ashley,2018-07-17,2018-11-09,,,,,
S01629,Spencer,Judith,2018-07-19,2019-06-15,,,,,
S01633,Pierce,Sara,2018-07-20,2019-04-16,,,,,
S01636,Ray,Linda,2018-07-20,2018-10-17,,,,,
S01640,Obrien,Denise,2018-07-20,2019-08-18,,,,,
S01642,Porter,Randy,2018-07-20,,,,,,
S01645,Howard,Virginia,2018-07-22,,,,,,
S01646,West,Maria,2018-07-23,2019-08-09,,,,,
S01648,Mendez,Ann,2018-07-24,,,,,,
S01652,Carpenter,Anna,2018-07-25,,,,,,
S01653,McDonald,Lori,2018-07-26,2019-02-12,,,,,
S01654,Nichols,Judy,2018-07-27,2018-12-24,,,,,
S01658,Moreno,Jessica,2018-07-27,2019-01-02,,,,,
S01659,Schneider,Amanda,2018-07-28,,,,,,
S01660,Perez,Margaret,2018-07-29,2019-04-12,,,,,
S01664,Simpson,Ruth,2018-07-30,,,,,,
S01667,Ruiz,James,2018-08-02,,,,,,
S01669,Vargas,Helen,2018-08-03,,,,,,
S01672,Jensen,Joan,2018-08-03,,,,,,
S01674,Griffin,Angela,2018-08-03,2019-03-15,,,,,
S01677,Willis,Mark,2018-08-05,2018-11-15,,,,,
S01681,Moore,Raymond,2018-08-05,2018-11-06,,,,,
S01682,Hall,Kevin,2018-08-05,2018-12-06,,,,,
S01683,Johnson,Beverly,2018-08-05,2018-12-21,,,,,
S01685,Sullivan,Christina,2018-08-06,2019-01-23,,,,,
S01687,Webb,Thomas,2018-08-09,2019-10-13,,,,,
S01689,Woods,Dylan,2018-08-09,,,,,,
S01693,Montgomery,George,2018-08-09,,,,,,
S01697,Lane,Thomas,2018-08-10,,,,,,
S01701,Patterson,Phillip,2018-08-10,,,,,,
S01704,Herrera,Frank,2018-08-10,,,,,,
S01706,Wright,Emma,2018-08-11,2019-03-18,,,,,
S01709,Jimenez,Sara,2018-08-12,2019-03-08,,,,,
S01712,Palmer,Brian,2018-08-13,2019-05-08,,,,,
S01716,Castillo,Ann,2018-08-14,2018-10-31,,,,,
S01717,Patel,Carl,2018-08-17,2019-01-17,,,,,
S01720,Wagner,Anna,2018-08-17,2019-05-06,,,,,
S01724,Powell,Julia,2018-08-18,2019-11-13,,,,,
S01725,Lewis,Patrick,2018-08-18,,,,,,
S01726,Burton,Virginia,2018-08-18,,,,,,
S01728,Tucker,Willie,2018-08-19,,,,,,
S01730,Brewer,Timothy,2018-08-21,2018-12-05,,,,,
S01732,Long,Joshua,2018-08-21,,,,,,
S01734,Ferguson,Linda,2018-08-22,2019-12-05,,,,,
S01738,Tucker,Cynthia,2018-08-23,,,,,,
S01741,Porter,Vincent,2018-08-25,2019-03-21,,,,,
S01745,Gilbert,Amy,2018-08-25,,,,,,
S01746,Carpenter,Diana,2018-08-25,,,,,,
S01750,Turner,Melissa,2018-08-25,2019-07-09,2019-10-09,,,,
S01751,King,Shirley,2018-08-26,,,,,,
S01753,Moreno,Gloria,2018-08-28,,,,,,
S01755,Grant,Amy,2018-08-28,,,,,,
S01759,Russell,Marilyn,2018-08-29,2019-07-18,,,,,
S01760,Phillips,Jesse,2018-08-29,2019-03-01,,,,,
S01763,Price,Christopher,2018-08-29,,,,,,
S01765,Reid,George,2018-08-30,,,,,,
S01767,Bowman,Jeffrey,2018-09-01,,,,,,
S01770,Douglas,Margaret,2018-09-03,,,,,,
S01772,Rose,Charles,2018-09-04,2019-06-14,,,,,
S01774,Andrews,Gerald,2018-09-04,2018-11-25,,,,,
S01776,Salazar,Julie,2018-09-06,2019-05-08,,,,,
S01777,Harrison,Ryan,2018-09-07,,,,,,
S01781,Fisher,James,2018-09-07,2019-07-16,,,,,
S01784,Lopez,Brandon,2018-09-09,2019-07-03,,,,,
S01786,Lucas,Jacob,2018-09-09,,,,,,
S01790,Owens,Janice,2018-09-12,,,,,,
S01794,Gilbert,Jeremy,2018-09-16,,,,,,
S01798,Day,Rose,2018-09-17,,,,,,
S01800,Payne,Sharon,2018-09-19,,,,,,
S01804,Larson,Christina,2018-09-20,,,,,,
S01806,Chapman,Theresa,2018-09-21,2019-03-04,,,,,
S01809,Castro,Joe,2018-09-22,,,,,,
S01812,Murray,Jason,2018-09-23,2019-04-03,,,,,
S01815,Mendoza,Carl,2018-09-23,,,,,,
S01819,Lawson,Virginia,2018-09-25,2019-03-20,,,,,
S01820,Henderson,Thomas,2018-09-26,,,,,,
S01822,Day,Crystal,2018-09-27,2019-02-20,,,,,
S01824,Alvarez,Kelly,2018-09-27,2019-05-10,,,,,
S01828,Freeman,Marie,2018-09-29,,,,,,
S01831,Collins,Julie,2018-09-29,,,,,,
S01832,Jones,Scott,2018-09-30,,,,,,
S01833,Estrada,Teresa,2018-09-30,,,,,,
S01834,Baker,Elizabeth,2018-10-01,2019-06-28,,,,,
S01836,White,Evelyn,2018-10-01,,,,,,
S01839,Hunter,Teresa,2018-10-01,2019-05-07,,,,,
S01840,Patel,Melissa,2018-10-03,,,,,,
S01842,Alexander,Crystal,2018-10-07,2019-03-18,,,,,
S01845,Fox,Wayne,2018-10-08,,,,,,
S01848,Fuller,Donna,2018-10-09,2019-03-08,,,,,
S01849,Weber,Catherine,2018-10-10,,,,,,
S01851,Hawkins,Nicole,2018-10-10,2019-03-08,,,,,
S01855,Keller,Jack,2018-10-11,2019-03-01,,,,,
S01856,Henry,Howard,2018-10-12,,,,,,
S01859,Garrett,Diana,2018-10-12,,,,,,
S01862,Franklin,Sandra,2018-10-13,,,,,,
S01864,Bell,Danielle,2018-10-16,,,,,,
S01868,Vasquez,Amanda,2018-10-17,2019-07-19,,,,,
S01871,Ortiz,Anthony,2018-10-18,,,,,,
S01873,Valdez,Kathryn,2018-10-19,,,,,,
S01876,Watkins,Tammy,2018-10-21,,,,,,
S01877,Johnston,Deborah,2018-10-21,2019-03-18,,,,,
S01880,Garcia,Roger,2018-10-22,,,,,,
S01883,Carr,Peter,2018-10-25,2019-06-25,,,,,
S01884,Taylor,Dylan,2018-10-27,2019-08-22,,,,,
S01887,Watson,Helen,2018-10-27,,,,,,
S01888,Webb,Ruth,2018-10-28,2019-07-12,,,,,
S01889,Cox,William,2018-10-28,,,,,,
S01891,Hudson,Jeffrey,2018-10-30,2019-10-10,,,,,
S01892,Phillips,Janice,2018-10-30,,,,,,
S01896,Harper,Mary,2018-10-30,2019-10-23,,,,,
S01898,Turner,Julie,2018-10-31,,,,,,
S01899,Baker,Philip,2018-11-01,,,,,,
S01902,Aguilar,Benjamin,2018-11-01,2019-07-01,,,,,
S01905,Douglas,Marie,2018-11-02,,,,,,
S01907,Grant,Donna,2018-11-04,,,,,,
S01909,McCoy,Dennis,2018-11-04,,,,,,
S01910,Fox,Linda,2018-11-06,,,,,,
S01914,Silva,Emma,2018-11-06,2019-05-09,,,,,
S01917,Webb,Andrea,2018-11-07,2019-07-24,,,,,
S01921,Jones,Samuel,2018-11-11,,,,,,
S01922,Porter,Jeremy,2018-11-12,,,,,,
S01924,Wallace,Ronald,2018-11-12,2019-05-31,,,,,
S01928,Davidson,Tammy,2018-11-13,,,,,,
S01931,Schultz,Jack,2018-11-14,2019-06-13,,,,,
S01934,Hunt,Janice,2018-11-14,,,,,,
S01937,Ortega,Amy,2018-11-15,,,,,,
S01939,Mills,Juan,2018-11-15,,,,,,
S01943,Cox,Harry,2018-11-17,,,,,,
S01945,Foster,Margaret,2018-11-23,,,,,,
S01947,Powell,Joan,2018-11-24,,,,,,
S01948,Carter,Cynthia,2018-11-28,,,,,,
S01951,Curtis,Michael,2018-11-29,,,,,,
S01954,Pearson,Linda,2018-11-29,,,,,,
S01957,Morrison,Raymond,2018-12-01,,,,,,
S01958,Silva,Walter,2018-12-01,,,,,,
S01959,Murphy,Diane,2018-12-01,,,,,,
S01963,Lewis,Alexander,2018-12-02,2019-08-12,,,,,
S01965,Matthews,Eric,2018-12-06,,,,,,
S01967,Fisher,Samantha,2018-12-08,2019-11-19,,,,,
S01969,Freeman,Roy,2018-12-08,2019-03-25,,,,,
S01973,Long,Kathleen,2018-12-09,,,,,,
S01976,Matthews,Samuel,2018-12-10,2019-07-10,,,,,
S01977,Dixon,Kyle,2018-12-12,,,,,,
S01979,Burton,Jason,2018-12-15,2019-09-05,2019-10-08,,,,
S01980,Collins,Aaron,2018-12-17,,,,,,
S01984,Herrera,Frank,2018-12-18,2019-03-22,,,,,
S01988,Bates,Gerald,2018-12-19,,,,,,
S01991,Sullivan,Andrew,2018-12-20,,,,,,
S01993,Pierce,Shirley,2018-12-23,,,,,,
S01995,Barrett,Angela,2018-12-24,,,,,,
S01999,Kennedy,Wayne,2018-12-24,,,,,,
S02002,Vargas,Helen,2018-12-27,2019-05-26,,,,,
S02004,Willis,Betty,2018-12-31,,,,,,
S02007,Spencer,Stephanie,2019-01-01,,,,,,
S02010,Ramirez,Tiffany,2019-01-01,,,,,,
S02014,Douglas,Mildred,2019-01-02,2019-06-25,,,,,
S02015,Evans,Ruth,2019-01-02,2019-09-04,,,,,
S02016,Parker,Deborah,2019-01-03,,,,,,
S02019,Elliott,Carl,2019-01-04,2019-10-24,,,,,
S02020,Schmidt,Samantha,2019-01-05,,,,,,
S02022,Fisher,Adam,2019-01-06,2019-04-25,,,,,
S02026,Simmons,Jeremy,2019-01-07,,,,,,
S02028,Anderson,Bryan,2019-01-12,2019-12-27,,,,,
S02029,Hopkins,Peter,2019-01-13,2019-10-14,,,,,
S02033,Larson,Walter,2019-01-13,,,,,,
S02037,Evans,Ann,2019-01-15,,,,,,
S02039,Garza,Robert,2019-01-17,,,,,,
S02042,Simpson,Richard,2019-01-18,,,,,,
S02046,Gibson,Carol,2019-01-20,,,,,,
S02048,Romero,Raymond,2019-01-20,,,,,,
S02052,Fuller,Peter,2019-01-21,,,,,,
S02056,Hoffman,Eugene,2019-01-26,,,,,,
S02060,Green,Ann,2019-01-27,,,,,,
S02061,Reynolds,Howard,2019-01-28,,,,,,
S02064,Murphy,Lori,2019-01-29,,,,,,
S02065,Dean,Hannah,2019-02-01,,,,,,
S02068,Parker,Ethan,2019-02-01,,,,,,
S02072,Obrien,Andrea,2019-02-02,,,,,,
S02073,Bailey,Matthew,2019-02-03,,,,,,
S02077,Bates,Donna,2019-02-04,,,,,,
S02079,Price,Rebecca,2019-02-05,,,,,,
S02080,Willis,Jean,2019-02-09,,,,,,
S02081,Guzman,Carl,2019-02-09,,,,,,
S02084,Soto,Jennifer,2019-02-09,,,,,,
S02085,Wells,Raymond,2019-02-10,,,,,,
S02086,Bell,Amanda,2019-02-10,,,,,,
S02087,Brown,Philip,2019-02-11,,,,,,
S02090,Kelley,Jerry,2019-02-12,,,,,,
S02091,Jones,Jordan,2019-02-13,,,,,,
S02095,George,Nicholas,2019-02-15,,,,,,
S02097,Howell,Arthur,2019-02-15,2019-08-07,,,,,
S02099,Perez,Bobby,2019-02-15,,,,,,
S02103,Schmidt,Tammy,2019-02-16,,,,,,
S02107,White,Amy,2019-02-16,,,,,,
S02108,Kelly,Wayne,2019-02-16,,,,,,
S02109,Medina,Harold,2019-02-17,,,,,,
S02111,Alvarez,Stephanie,2019-02-17,,,,,,
S02112,Romero,Tammy,2019-02-18,,,,,,
S02115,Graham,Patricia,2019-02-20,,,,,,
S02119,Reyes,Barbara,2019-02-20,,,,,,
S02120,Reed,Kyle,2019-02-20,,,,,,
S02122,Garcia,Betty,2019-02-21,,,,,,
S02124,Banks,Melissa,2019-02-21,,,,,,
S02126,Gomez,Evelyn,2019-02-23,,,,,,
S02129,Clark,Mark,2019-02-23,,,,,,
S02130,Pearson,Douglas,2019-02-24,,,,,,
S02132,Patterson,Doris,2019-02-24,,,,,,
S02136,Bishop,Pamela,2019-02-24,,,,,,
S02139,Hoffman,Brandon,2019-02-25,,,,,,
S02143,Nguyen,Brittany,2019-02-25,,,,,,
S02145,Griffin,Emily,2019-02-25,,,,,,
S02148,Lee,Melissa,2019-02-26,2019-08-14,,,,,
S02151,Cox,Theresa,2019-02-26,,,,,,
S02155,Stanley,Jerry,2019-02-27,,,,,,
S02156,Carter,Marie,2019-02-27,,,,,,
S02157,Keller,Martha,2019-03-01,,,,,,
S02160,Tucker,Martha,2019-03-01,,,,,,
S02161,Carter,Willie,2019-03-01,,,,,,
S02165,Mason,Theresa,2019-03-01,,,,,,
S02169,Mendez,Tammy,2019-03-02,,,,,,
S02173,Gray,Jason,2019-03-03,,,,,,
S02175,Rodriguez,Christine,2019-03-04,,,,,,
S02178,Baker,Samantha,2019-03-06,2019-08-01,,,,,
S02182,Crawford,Charles,2019-03-08,,,,,,
S02186,Phillips,Diana,2019-03-08,,,,,,
S02190,Patterson,Teresa,2019-03-12,,,,,,
S02192,Guerrero,Sandra,2019-03-14,,,,,,
S02195,Garrett,Dennis,2019-03-15,,,,,,
S02196,Mason,Joyce,2019-03-15,,,,,,
S02197,Rodriguez,Kenneth,2019-03-16,,,,,,
S02198,Griffin,Pamela,2019-03-16,,,,,,
S02202,Moore,Jacqueline,2019-03-16,,,,,,
S02206,Richardson,Sara,2019-03-17,,,,,,
S02210,Burton,Kathryn,2019-03-17,,,,,,
S02212,Berry,Shirley,2019-03-18,,,,,,
S02213,Chen,Christine,2019-03-20,2019-07-02,,,,,
S02214,Gilbert,Brandon,2019-03-20,,,,,,
S02215,Williamson,Joyce,2019-03-21,,,,,,
S02216,Hawkins,Jeffrey,2019-03-22,2019-07-05,,,,,
S02219,Freeman,Teresa,2019-03-22,,,,,,
S02222,Ellis,Billy,2019-03-22,2019-06-04,,,,,
S02224,Garrett,Victoria,2019-03-22,,,,,,
S02226,Jensen,Eric,2019-03-25,,,,,,
S02228,Bailey,Lauren,2019-03-26,,,,,,
S02232,West,Jesse,2019-03-27,,,,,,
S02236,Sanders,Ralph,2019-03-29,,,,,,
S02237,Castro,Nancy,2019-03-31,,,,,,
S02241,Stanley,Kathryn,2019-03-31,,,,,,
S02243,Holland,Amanda,2019-04-02,,,,,,
S02247,Obrien,Martha,2019-04-02,,,,,,
S02249,Porter,Shirley,2019-04-02,2019-07-11,,,,,
S02251,Hansen,Hannah,2019-04-05,2019-07-24,,,,,
S02253,Morrison,Christian,2019-04-07,,,,,,
S02256,Soto,Stephanie,2019-04-11,,,,,,
S02257,Lynch,Rachel,2019-04-13,,,,,,
S02260,Rice,Jessica,2019-04-13,,,,,,
S02262,Mills,Adam,2019-04-14,,,,,,
S02263,Thompson,Frances,2019-04-14,,,,,,
S02265,Thomas,Mildred,2019-04-15,,,,,,
S02267,Ortiz,Tiffany,2019-04-16,,,,,,
S02270,Perry,Alice,2019-04-16,2019-08-28,,,,,
S02271,Newman,Elizabeth,2019-04-18,,,,,,
S02273,Douglas,Eric,2019-04-20,,,,,,
S02275,Armstrong,Kathy,2019-04-20,,,,,,
S02277,Simpson,John,2019-04-21,2019-07-11,,,,,
S02278,Perez,Edward,2019-04-21,,,,,,
S02281,Russell,Catherine,2019-04-22,,,,,,
S02285,Webb,Anthony,2019-04-23,2019-09-03,,,,,
S02286,Parker,Diana,2019-04-24,2019-07-26,,,,,
S02290,Johnson,Megan,2019-04-24,,,,,,
S02294,Phillips,Angela,2019-04-26,,,,,,
S02295,Webb,Grace,2019-04-29,,,,,,
S02297,Tucker,Paul,2019-04-30,2019-08-20,,,,,
S02298,Burton,Elizabeth,2019-05-01,,,,,,
S02301,Patterson,Ashley,2019-05-02,,,,,,
S02305,Flores,John,2019-05-02,,,,,,
S02307,Stevens,Marie,2019-05-02,,,,,,
S02308,Morgan,Julia,2019-05-04,,,,,,
S02311,Wong,Eric,2019-05-05,,,,,,
S02314,Ramos,Jessica,2019-05-05,,,,,,
S02318,Schultz,Teresa,2019-05-07,,,,,,
S02321,Larson,Sarah,2019-05-07,,,,,,
S02322,Brooks,Julia,2019-05-07,,,,,,
S02326,Stevens,Judith,2019-05-07,,,,,,
S02327,Simmons,Jean,2019-05-07,,,,,,
S02328,Tran,Nancy,2019-05-08,,,,,,
S02329,Boyd,Brittany,2019-05-12,,,,,,
S02332,Rose,Megan,2019-05-13,,,,,,
S02333,Schneider,Emma,2019-05-15,,,,,,
S02337,Martin,Marilyn,2019-05-16,,,,,,
S02338,Rivera,Peter,2019-05-19,,,,,,
S02342,Stephens,Jose,2019-05-20,2019-08-08,,,,,
S02344,Walters,Robert,2019-05-22,,,,,,
S02348,Turner,Jerry,2019-05-23,2019-07-17,,,,,
S02349,Delgado,Larry,2019-05-24,,,,,,
S02351,Thompson,Amanda,2019-05-24,,,,,,
S02355,Watson,Denise,2019-05-24,,,,,,
S02359,Hudson,Crystal,2019-05-27,2019-08-12,,,,,
S02363,Stanley,Lisa,2019-05-27,,,,,,
S02366,Rodriguez,Thomas,2019-05-27,,,,,,
S02367,Powell,John,2019-05-27,,,,,,
S02371,Fisher,Madison,2019-05-28,,,,,,
S02373,Stewart,Samuel,2019-05-29,,,,,,
S02376,Martin,Kathryn,2019-05-31,,,,,,
S02377,Perry,Christina,2019-05-31,,,,,,
S02378,Munoz,Judith,2019-06-02,,,,,,
S02380,Snyder,Amber,2019-06-03,,,,,,
S02384,Salazar,Sharon,2019-06-06,,,,,,
S02387,Lopez,Hannah,2019-06-08,,,,,,
S02388,Day,Christina,2019-06-09,,,,,,
S02391,Barnett,Martha,2019-06-09,,,,,,
S02392,Keller,Jordan,2019-06-10,,,,,,
S02393,Gray,Timothy,2019-06-13,,,,,,
S02394,Delgado,George,2019-06-15,,,,,,
S02395,Jacobs,Janet,2019-06-15,,,,,,
S02398,Perry,Ronald,2019-06-17,,,,,,
S02401,Davidson,Cheryl,2019-06-19,2019-09-03,,,,,
S02404,Munoz,Christian,2019-06-20,,,,,,
S02405,Hunter,Beverly,2019-06-20,,,,,,
S02408,Lucas,Ronald,2019-06-20,,,,,,
S02409,Rodriguez,Jane,2019-06-23,,,,,,
S02412,Lawrence,Doris,2019-06-25,,,,,,
S02415,Hamilton,Amber,2019-06-25,,,,,,
S02419,Guzman,Debra,2019-06-25,,,,,,
S02423,Ellis,Ethan,2019-06-26,,,,,,
S02425,Bowman,Jeremy,2019-06-26,,,,,,
S02427,Sandoval,Jason,2019-06-27,,,,,,
S02429,Dixon,James,2019-06-29,,,,,,
S02430,Chapman,Beverly,2019-07-01,2019-10-11,,,,,
S02432,Chapman,Julia,2019-07-01,,,,,,
S02433,Kim,Sarah,2019-07-02,,,,,,
S02435,Morrison,Angela,2019-07-07,,,,,,
S02439,Freeman,Bryan,2019-07-07,,,,,,
S02442,Carr,Brittany,2019-07-08,,,,,,
S02443,Peters,Dorothy,2019-07-09,2019-10-08,,,,,
S02445,Berry,Doris,2019-07-10,,,,,,
S02449,Stone,Carolyn,2019-07-12,,,,,,
S02450,Boyd,William,2019-07-13,,,,,,
S02452,Davis,Kimberly,2019-07-16,,,,,,
S02455,Cox,Maria,2019-07-18,,,,,,
S02457,Walsh,Kevin,2019-07-18,,,,,,
S02459,Reyes,Judith,2019-07-19,,,,,,
S02460,Grant,Tammy,2019-07-19,,,,,,
S02464,Collins,Heather,2019-07-21,,,,,,
S02467,Brewer,Ralph,2019-07-21,2019-09-04,,,,,
S02470,Day,Carl,2019-07-21,,,,,,
S02471,Williams,Jacqueline,2019-07-24,,,,,,
S02475,Moreno,Justin,2019-07-24,,,,,,
S02477,Nelson,Marilyn,2019-07-25,,,,,,
S02478,Palmer,Grace,2019-07-30,,,,,,
S02482,Griffin,Eric,2019-07-31,,,,,,
S02485,Bell,Virginia,2019-08-01,,,,,,
S02489,Gonzalez,Mary,2019-08-02,,,,,,
S02493,Bailey,Brian,2019-08-02,,,,,,
S02497,Matthews,Julie,2019-08-03,,,,,,
S02500,Hayes,Timothy,2019-08-03,,,,,,
S02501,Walsh,Lauren,2019-08-04,,,,,,
S02505,Evans,Linda,2019-08-04,,,,,,
S02506,Olson,Sharon,2019-08-04,,,,,,
S02509,Walker,Tammy,2019-08-04,,,,,,
S02512,Sandoval,Tammy,2019-08-05,,,,,,
S02515,Cunningham,Phillip,2019-08-07,,,,,,
S02519,Moore,Anna,2019-08-08,,,,,,
S02522,Hicks,Harry,2019-08-08,,,,,,
S02525,Rivera,Jose,2019-08-14,,,,,,
S02527,Jimenez,Ryan,2019-08-15,,,,,,
S02528,Bailey,Crystal,2019-08-16,,,,,,
S02529,Lane,Megan,2019-08-16,,,,,,
S02532,Banks,Susan,2019-08-17,,,,,,
S02536,Duncan,Jean,2019-08-17,,,,,,
S02539,Bell,Jerry,2019-08-19,,,,,,
S02543,Cole,Sharon,2019-08-20,,,,,,
S02547,Sanders,Donna,2019-08-20,,,,,,
S02548,Phillips,Judy,2019-08-21,,,,,,
S02549,Ross,Steven,2019-08-21,,,,,,
S02551,Jenkins,Charles,2019-08-22,,,,,,
S02555,Larson,Timothy,2019-08-23,,,,,,
S02558,Harrison,Linda,2019-08-23,,,,,,
S02560,Black,Johnny,2019-08-24,,,,,,
S02562,Carlson,Helen,2019-08-25,,,,,,
S02563,James,Christina,2019-08-25,,,,,,
S02565,Foster,Timothy,2019-08-26,2019-11-01,,,,,
S02569,Keller,Kathryn,2019-08-27,,,,,,
S02570,Coleman,Sara,2019-08-29,,,,,,
S02574,Williams,Andrew,2019-08-31,,,,,,
S02575,Washington,Samantha,2019-08-31,,,,,,
S02576,Chavez,Beverly,2019-08-31,2019-11-26,,,,,
S02578,Henderson,Carol,2019-08-31,,,,,,
S02582,Ramirez,Kyle,2019-08-31,,,,,,
S02585,Knight,Stephen,2019-09-01,,,,,,
S02589,Payne,Amber,2019-09-02,,,,,,
S02590,Clark,Bruce,2019-09-04,2019-12-04,,,,,
S02592,Moreno,Marie,2019-09-05,,,,,,
S02593,Harper,Frank,2019-09-06,,,,,,
S02597,Daniels,Justin,2019-09-08,,,,,,
S02601,Long,Joan,2019-09-10,,,,,,
S02604,Gordon,Amber,2019-09-10,,,,,,
S02605,Black,Adam,2019-09-12,,,,,,
S02608,Santos,Tyler,2019-09-12,,,,,,
S02611,Reyes,Kelly,2019-09-13,,,,,,
S02615,Matthews,Alice,2019-09-14,,,,,,
S02617,Cox,Amber,2019-09-14,,,,,,
S02618,Jenkins,Kathleen,2019-09-14,,,,,,
S02622,Hill,Brittany,2019-09-14,,,,,,
S02623,Hamilton,Joan,2019-09-14,,,,,,
S02627,Andrews,Sara,2019-09-14,,,,,,
S02628,Kelley,Dorothy,2019-09-15,,,,,,
S02630,Woods,Susan,2019-09-16,,,,,,
S02632,Peters,Angela,2019-09-17,,,,,,
S02634,Crawford,Jacob,2019-09-19,,,,,,
S02636,Hoffman,Juan,2019-09-20,,,,,,
S02637,Nichols,Randy,2019-09-20,,,,,,
S02639,Hawkins,Ashley,2019-09-21,,,,,,
S02641,Burns,Elizabeth,2019-09-21,,,,,,
S02642,Banks,Angela,2019-09-21,,,,,,
S02644,Guerrero,Susan,2019-09-23,,,,,,
S02645,Meyer,Denise,2019-09-23,,,,,,
S02646,Mendez,Hannah,2019-09-25,,,,,,
S02648,Dunn,Heather,2019-09-25,,,,,,
S02651,Reid,Dorothy,2019-09-29,,,,,,
S02653,Lewis,Michelle,2019-09-29,,,,,,
S02656,Mills,David,2019-09-29,,,,,,
S02660,Murphy,Diana,2019-09-30,,,,,,
S02661,Freeman,Elizabeth,2019-10-01,,,,,,
S02664,Robinson,Crystal,2019-10-01,,,,,,
S02665,Turner,Brandon,2019-10-01,,,,,,
S02669,Torres,Martha,2019-10-02,,,,,,
S02671,Mason,Nicole,2019-10-03,,,,,,
S02673,Peters,Dorothy,2019-10-04,,,,,,
S02674,Curtis,Larry,2019-10-04,,,,,,
S02675,Lucas,Jessica,2019-10-04,,,,,,
S02677,Carpenter,Amber,2019-10-05,,,,,,
S02680,Morrison,Dorothy,2019-10-06,,,,,,
S02681,Jacobs,Jerry,2019-10-07,,,,,,
S02682,Porter,Paul,2019-10-07,,,,,,
S02685,Stanley,Jacqueline,2019-10-09,,,,,,
S02686,Rios,Roy,2019-10-10,,,,,,
S02688,Young,Aaron,2019-10-11,,,,,,
S02690,Carter,Madison,2019-10-11,,,,,,
S02693,Rodriguez,Stephen,2019-10-12,,,,,,
S02697,Jones,Terry,2019-10-14,,,,,,
S02701,Gonzales,Douglas,2019-10-14,,,,,,
S02702,May,Olivia,2019-10-15,,,,,,
S02705,Cruz,Jason,2019-10-16,,,,,,
S02708,Gray,Lori,2019-10-17,,,,,,
S02711,Reyes,Walter,2019-10-19,,,,,,
S02713,Sanchez,Marie,2019-10-19,,,,,,
S02714,Jones,Laura,2019-10-20,,,,,,
S02717,McCoy,Rachel,2019-10-20,,,,,,
S02721,Wagner,Kathleen,2019-10-21,,,,,,
S02723,Weaver,Brenda,2019-10-21,,,,,,
S02726,Welch,Kathleen,2019-10-22,,,,,,
S02728,Allen,Tyler,2019-10-24,,,,,,
S02732,Sullivan,Mildred,2019-10-25,,,,,,
S02734,Morris,Deborah,2019-10-25,,,,,,
S02738,Webb,Kathryn,2019-10-25,,,,,,
S02741,Stone,Roy,2019-10-25,,,,,,
S02743,Burns,Lauren,2019-10-27,,,,,,
S02744,Young,Victoria,2019-10-28,,,,,,
S02748,Lopez,Alice,2019-10-30,,,,,,
S02750,Salazar,Janice,2019-11-01,,,,,,
S02751,Curtis,Grace,2019-11-02,,,,,,
S02753,Stevens,Amy,2019-11-03,,,,,,
S02756,Dixon,Jean,2019-11-05,,,,,,
S02759,Palmer,Jose,2019-11-06,,,,,,
S02760,Knight,Brittany,2019-11-07,,,,,,
S02763,Watson,Ryan,2019-11-08,,,,,,
S02765,Miller,Gloria,2019-11-11,,,,,,
S02768,Medina,Grace,2019-11-13,,,,,,
S02769,Peterson,Matthew,2019-11-15,,,,,,
S02771,Long,Harold,2019-11-15,,,,,,
S02773,Moore,Michael,2019-11-17,,,,,,
S02777,Taylor,Alan,2019-11-17,,,,,,
S02780,Guerrero,Christina,2019-11-19,,,,,,
S02781,Schultz,Ethan,2019-11-22,,,,,,
S02783,Kelly,David,2019-11-22,,,,,,
S02785,Alexander,Diana,2019-11-22,,,,,,
S02788,Kim,Crystal,2019-11-25,,,,,,
S02792,Griffin,Jordan,2019-11-29,,,,,,